INSERT INTO Categorie VALUES ( 'Eclairage', 'Eclairage');
INSERT INTO Categorie VALUES ( 'Lampes', 'Eclairage');
INSERT INTO Categorie VALUES ( 'Eclairage LED', 'Eclairage');
INSERT INTO Categorie VALUES ( 'Lampes Torches', 'Eclairage');
INSERT INTO Categorie VALUES ( 'Outillage à Main', 'Outillage');
INSERT INTO Categorie VALUES ( 'Rangement Outillage', 'Outillage');
INSERT INTO Categorie VALUES ( 'Outillage', 'Outillage');
INSERT INTO Categorie VALUES ( 'Cables au Détail', 'Cable');
INSERT INTO Categorie VALUES ( 'Accessoires pour Cables', 'Cable');
INSERT INTO Categorie VALUES ( 'Cable', 'Cable');

INSERT INTO Produit VALUES (1, 'Lampe Halogène',
  'Duis accumsan dui nunc eu lacinia mi posuere eu', '
https://images.app.goo.gl/BwxyBLXSxrEfvGVU6', 15.90, 'Lampes');
INSERT INTO Produit VALUES (2, 'Lampe à Incandescence',
  'Phasellus lobortis varius odio in scelerisque. Aenean eleifend et ligula eget
   imperdiet. Donec commodo odio.', '
https://images.app.goo.gl/BwxyBLXSxrEfvGVU6', 2.95, 'Lampes');
INSERT INTO Produit VALUES (3, 'Lampe LED',
  'Proin molestie, quam et hendrerit euismod, diam ante interdum ipsum, vitae
  sagittis justo ligula sit.', '
https://images.app.goo.gl/BwxyBLXSxrEfvGVU6', 24.50, 'Eclairage LED');
INSERT INTO Produit VALUES (4, 'Module LED',
  'Phasellus vel lacus id ligula tempus pretium nec rhoncus lacus.
  Integer a luctus lacus. Vestibulum.', '
https://images.app.goo.gl/BwxyBLXSxrEfvGVU6', 29.90, 'Eclairage LED');
INSERT INTO Produit VALUES (5, 'Controleur LED',
   'Nulla consectetur interdum neque, eget fringilla eros lobortis sed. Integer
   luctus in turpis consectetur porta.', '
https://images.app.goo.gl/BwxyBLXSxrEfvGVU6', 61.00, 'Eclairage LED');
INSERT INTO Produit VALUES (6, 'Lampe de poche', 'Sed id neque eu nisl fringilla
   vestibulum. Proin erat ex, fringilla et auctor sed, laoreet.','
   https://images.app.goo.gl/BwxyBLXSxrEfvGVU6', 7.90, 'Lampes Torches');
INSERT INTO Produit VALUES (7, 'Torche', 'Duis a lectus dapibus, feugiat
   est ut, maximus ante. Aenean sodales lectus justo, sit amet.',
   'https://images.app.goo.gl/BwxyBLXSxrEfvGVU6', 10.50, 'Lampes Torches');
INSERT INTO Produit VALUES (8, 'Ampoule de rechange', 'Phasellus sit amet
   consequat ante. Aenean pellentesque, libero id ullamcorper placerat.',
   'https://images.app.goo.gl/BwxyBLXSxrEfvGVU6', 3.95, 'Lampes Torches');
INSERT INTO Produit VALUES (9, 'Jeu de Tournevis','Mauris vehicula ullamcorper
   tincidunt. In elit justo, pretium nec felis ut, dapibus bibendum diam.','
   https://images.app.goo.gl/BwxyBLXSxrEfvGVU22', 17.50,'Outillage à Main');
INSERT INTO Produit VALUES (10, 'Pince','Pellentesque ut tortor molestie,
   ultricies leo et, pulvinar nisi. Etiam mattis sem nec nunc gravida.','
   https://images.app.goo.gl/BwxyBLXSxrEfvGVU22', 51.27,'Outillage à Main');
INSERT INTO Produit VALUES (11, 'Cutter de précision','Quisque at pharetra urna,
   a dapibus arcu. Ut pellentesque lacinia aliquet. Integer ut gravida felis.','
   https://images.app.goo.gl/BwxyBLXSxrEfvGVU22', 29.19,'Outillage à Main');
INSERT INTO Produit VALUES (12, 'Jeu de Clés','Nunc rutrum augue quis lectus
   iaculis sodales. Vestibulum consequat turpis et egestas malesuada.','
   https://images.app.goo.gl/BwxyBLXSxrEfvGVU22', 13.90,'Outillage à Main');
INSERT INTO Produit VALUES (13, 'Valise Aluminium','Integer vulputate ligula
   quis ante sodales, id malesuada tortor aliquet.','
   https://images.app.goo.gl/BwxyBLXSxrEfvGVU22', 40.50,'Rangement Outillage');
INSERT INTO Produit VALUES (14, 'Cable Coaxial','Maecenas sem metus, iaculis
   quis molestie vel, maximus et ex. Nullam orci purus, porttitor quis.','
   https://images.app.goo.gl/BwxyBLXSxrEfvGVU22', 99.00,'Cables au Détail');
INSERT INTO Produit VALUES (15, 'Cable Satellite','Nunc mollis egestas leo, a
   pretium mi accumsan sit amet. Phasellus sollicitudin nulla non nulla.','
   https://images.app.goo.gl/BwxyBLXSxrEfvGVU22', 99.00,'Cables au Détail');
INSERT INTO Produit VALUES (16, 'Cable Plat','Donec sed augue nec urna viverra
   scelerisque. Nam tempus est quis rhoncus consectetur. Fusce congue.','
   https://images.app.goo.gl/BwxyBLXSxrEfvGVU22', 44.90,'Cables au Détail');
INSERT INTO Produit VALUES (17, 'Lot de Serre-cables','Pellentesque dignissim
   nisi eros. Nulla non urna sed libero tincidunt feugiat.','
   https://images.app.goo.gl/BwxyBLXSxrEfvGVU22',
   25.50,'Accessoires pour Cables');
INSERT INTO Produit VALUES (18, 'Serre Cable pour Cable Plat','Suspendisse
   a rutrum risus. Proin vitae quam at justo mattis pretium.','
   https://images.app.goo.gl/BwxyBLXSxrEfvGVU22', 0.25,
   'Accessoires pour Cables');
INSERT INTO Produit VALUES (19, 'Passe Fil','Suspendisse quis lacinia lacus.
   In vel fringilla magna. Mauris non ultrices metus. Integer non sapien.','
   https://images.app.goo.gl/BwxyBLXSxrEfvGVU22',
   0.40,'Accessoires pour Cables');
INSERT INTO Produit VALUES (20, 'Filtre pour Cable','Curabitur volutpat porta
   suscipit. Morbi sodales porta ultricies.','
   https://images.app.goo.gl/BwxyBLXSxrEfvGVU22',
   2.50,'Accessoires pour Cables');

INSERT INTO Caracteristique VALUES ('Capacité', '40pF/m', 16);
INSERT INTO Caracteristique VALUES ('Inductance', '1.45mH', 16);
INSERT INTO Caracteristique VALUES ('Impédance', '100ohm', 16);
INSERT INTO Caracteristique VALUES ('Longueur', '100ft (30.48m)', 16);
INSERT INTO Caracteristique VALUES ('Taille', '5.6mm', 18);
INSERT INTO Caracteristique VALUES ('Couleur', 'Noir', 19);
INSERT INTO Caracteristique VALUES ('Quantité Totale', '1000 pcs', 17);
INSERT INTO Caracteristique VALUES ('Matériau', 'Polychloroprène', 19);
INSERT INTO Caracteristique VALUES ('Diamètre Cable', '7.5mm', 20);
INSERT INTO Caracteristique VALUES ('Quantité', '3 pcs', 18);
INSERT INTO Caracteristique VALUES ('Longueur', '100m', 15);
INSERT INTO Caracteristique VALUES ('Impédance', '~75ohm', 15);
INSERT INTO Caracteristique VALUES ('Impédance', '~50ohm', 14);
INSERT INTO Caracteristique VALUES ('Dimensions', '457x330x152mm', 13);
INSERT INTO Caracteristique VALUES ('Matériau', 'Aluminium', 13);
INSERT INTO Caracteristique VALUES ('Matériaux', 'Acier - Chrome - Vanadium', 12);
INSERT INTO Caracteristique VALUES ('Nb pièces', '9 pcs', 12);
INSERT INTO Caracteristique VALUES ('Longueur', '125mm', 11);
INSERT INTO Caracteristique VALUES ('Quantité', '60 pcs', 11);
INSERT INTO Caracteristique VALUES ('Longueur', '145mm', 10);
INSERT INTO Caracteristique VALUES ('Poids', '98g', 10);
INSERT INTO Caracteristique VALUES ('Type de becs', 'Ronds', 10);
INSERT INTO Caracteristique VALUES ('Nb pièces', '7 pcs', 9);
INSERT INTO Caracteristique VALUES ('Spécifications', '6V/AA 6W', 8);
INSERT INTO Caracteristique VALUES ('Type', 'Xenon', 8);
INSERT INTO Caracteristique VALUES ('Dimensions', '100x150x175mm', 7);
INSERT INTO Caracteristique VALUES ('Poids', '285g', 7);
INSERT INTO Caracteristique VALUES ('Durée de vie des LED', '100 000h', 7);
INSERT INTO Caracteristique VALUES ('Poids', '58g', 6);
INSERT INTO Caracteristique VALUES ('LED UV', '80 ~150 mcd', 6);
INSERT INTO Caracteristique VALUES ('Portée télécommande', '7m', 5);
INSERT INTO Caracteristique VALUES ('Puissance', '180W/360W', 5);
INSERT INTO Caracteristique VALUES ('Couleur', 'RGB', 4);
INSERT INTO Caracteristique VALUES ('Alimentation', '12VCC', 4);
INSERT INTO Caracteristique VALUES ('Dimensions', '1mx10mm', 4);
INSERT INTO Caracteristique VALUES ('Couleur', 'Blanc Neutre', 3);
INSERT INTO Caracteristique VALUES ('Culot', 'E14', 3);
INSERT INTO Caracteristique VALUES ('Consommation', '3W', 3);
INSERT INTO Caracteristique VALUES ('Culot', 'E14', 2);
INSERT INTO Caracteristique VALUES ('Consommation', '15W', 2);
INSERT INTO Caracteristique VALUES ('Intensité', '4000 lm', 1);
INSERT INTO Caracteristique VALUES ('Culot', 'GX6.35', 1);
INSERT INTO Caracteristique VALUES ('Consommation', '150W', 1);

INSERT INTO Utilisateur VALUES (0);
INSERT INTO Utilisateur VALUES (1);
INSERT INTO Utilisateur VALUES (2);
INSERT INTO Utilisateur VALUES (3);
INSERT INTO Utilisateur VALUES (4);
INSERT INTO Utilisateur VALUES (5);
INSERT INTO Utilisateur VALUES (6);
INSERT INTO Utilisateur VALUES (7);
INSERT INTO Utilisateur VALUES (8);
INSERT INTO Utilisateur VALUES (9);
INSERT INTO Utilisateur VALUES (10);

INSERT INTO Client VALUES ('Administrateur', 'Gange', 'admin', 'admin',
  'Paris', 0);
INSERT INTO Client VALUES ('CEO', 'PDG', 'adm', 'ceo_admin@gange.com',
  'Gange QG', 1);
INSERT INTO Client VALUES ('Eren', 'Jaeger', 'tatakae',
  'ejaeger@surveycorps.gov', 'Paradis Island', 2);
INSERT INTO Client VALUES ('Jean Pierre', 'Polnareff', 'SilverChariot',
  'jp_polnareff@bucciarati.com', 'Paris', 3);
INSERT INTO Client VALUES ('L', 'Lawliett', 'hellokira', 'll@whouse.org',
  'Winchester', 4);
INSERT INTO Client VALUES ('Levi', 'Ackermann', 'Isabel',
  'lackermann@surveycorps.gov', 'Paradis Island', 5);
INSERT INTO Client VALUES ('Edward', 'Elric', 'mom<3',
  'ee_major@amestris-mil.gov', 'Central City', 6);

INSERT INTO OFFRE VALUES ( TIMESTAMP '2020-09-12 10:10:00', 7, 15, 4, 0);
UPDATE PRODUIT SET PRIXCOURANT = 15 WHERE IDPRODUIT = 7;
INSERT INTO OFFRE VALUES ( TIMESTAMP '2020-09-12 10:11:00', 7, 17, 3, 0);
UPDATE PRODUIT SET PRIXCOURANT = 17 WHERE IDPRODUIT = 7;
INSERT INTO OFFRE VALUES ( TIMESTAMP '2020-09-12 10:12:00', 7, 19, 2, 0);
UPDATE PRODUIT SET PRIXCOURANT = 19 WHERE IDPRODUIT = 7;
INSERT INTO OFFRE VALUES ( TIMESTAMP '2020-09-12 10:13:00', 7, 21, 4, 0);
UPDATE PRODUIT SET PRIXCOURANT = 21 WHERE IDPRODUIT = 7;
INSERT INTO OFFRE VALUES ( TIMESTAMP '2020-09-12 10:14:00', 7, 23, 2, 1);
UPDATE PRODUIT SET PRIXCOURANT = 23 WHERE IDPRODUIT = 7;

INSERT INTO OFFRE VALUES ( TIMESTAMP '2020-09-12 10:20:00', 10, 52, 1, 0);
UPDATE PRODUIT SET PRIXCOURANT = 52 WHERE IDPRODUIT = 10;
INSERT INTO OFFRE VALUES ( TIMESTAMP '2020-09-12 10:21:00', 10, 55, 6, 0);
UPDATE PRODUIT SET PRIXCOURANT = 55 WHERE IDPRODUIT = 10;
INSERT INTO OFFRE VALUES ( TIMESTAMP '2020-09-12 10:22:00', 10, 58, 1, 0);
UPDATE PRODUIT SET PRIXCOURANT = 58 WHERE IDPRODUIT = 10;
INSERT INTO OFFRE VALUES ( TIMESTAMP '2020-09-12 10:23:00', 10, 60, 6, 0);
UPDATE PRODUIT SET PRIXCOURANT = 60 WHERE IDPRODUIT = 10;
INSERT INTO OFFRE VALUES ( TIMESTAMP '2020-09-12 10:24:00', 10, 65, 4, 1);
UPDATE PRODUIT SET PRIXCOURANT = 65 WHERE IDPRODUIT = 10;

INSERT INTO OFFRE VALUES ( TIMESTAMP '2020-09-12 10:30:00', 15, 100, 3, 0);
UPDATE PRODUIT SET PRIXCOURANT = 100 WHERE IDPRODUIT = 15;
INSERT INTO OFFRE VALUES ( TIMESTAMP '2020-09-12 10:31:00', 15, 150, 2, 0);
UPDATE PRODUIT SET PRIXCOURANT = 150 WHERE IDPRODUIT = 15;
INSERT INTO OFFRE VALUES ( TIMESTAMP '2020-09-12 10:32:00', 15, 170, 3, 0);
UPDATE PRODUIT SET PRIXCOURANT = 170 WHERE IDPRODUIT = 15;

INSERT INTO OFFRE VALUES ( TIMESTAMP '2020-09-12 10:40:00', 16, 5, 2, 0);
UPDATE PRODUIT SET PRIXCOURANT = 5 WHERE IDPRODUIT = 16;
INSERT INTO OFFRE VALUES ( TIMESTAMP '2020-09-12 10:41:00', 16, 10, 3, 0);
UPDATE PRODUIT SET PRIXCOURANT = 10 WHERE IDPRODUIT = 16;
INSERT INTO OFFRE VALUES ( TIMESTAMP '2020-09-12 10:42:00', 16, 20, 1, 0);
UPDATE PRODUIT SET PRIXCOURANT = 20 WHERE IDPRODUIT = 16;
INSERT INTO OFFRE VALUES ( TIMESTAMP '2020-09-12 10:43:00', 16, 30, 2, 0);
UPDATE PRODUIT SET PRIXCOURANT = 30 WHERE IDPRODUIT = 16;
INSERT INTO OFFRE VALUES ( TIMESTAMP '2020-09-12 10:44:00', 16, 50, 3, 1);
UPDATE PRODUIT SET PRIXCOURANT = 50 WHERE IDPRODUIT = 16;

INSERT INTO OFFRE VALUES ( TIMESTAMP '2020-09-12 10:50:00', 3, 2, 6, 0);
UPDATE PRODUIT SET PRIXCOURANT = 2 WHERE IDPRODUIT = 3;

INSERT INTO OFFRE VALUES ( TIMESTAMP '2020-09-12 10:57:00', 1, 3, 3, 0);
UPDATE PRODUIT SET PRIXCOURANT = 3 WHERE IDPRODUIT = 1;
INSERT INTO OFFRE VALUES ( TIMESTAMP '2020-09-12 10:58:00', 1, 5, 2, 0);
UPDATE PRODUIT SET PRIXCOURANT = 5 WHERE IDPRODUIT = 1;

INSERT INTO OFFRE VALUES ( TIMESTAMP '2021-10-17 10:30:00', 2, 5, 5, 0);
UPDATE PRODUIT SET PRIXCOURANT = 5 WHERE IDPRODUIT = 2;
INSERT INTO OFFRE VALUES ( TIMESTAMP '2021-10-17 10:40:00', 2, 9, 1, 0);
UPDATE PRODUIT SET PRIXCOURANT = 9 WHERE IDPRODUIT = 2;
INSERT INTO OFFRE VALUES ( TIMESTAMP '2021-10-17 10:41:00', 2, 14, 3, 0);
UPDATE PRODUIT SET PRIXCOURANT = 14 WHERE IDPRODUIT = 2;
INSERT INTO OFFRE VALUES ( TIMESTAMP '2021-10-17 10:45:00', 2, 20, 5, 0);
UPDATE PRODUIT SET PRIXCOURANT = 20 WHERE IDPRODUIT = 2;
INSERT INTO OFFRE VALUES ( TIMESTAMP '2021-10-17 10:47:00', 2, 25, 6, 1);
UPDATE PRODUIT SET PRIXCOURANT = 25 WHERE IDPRODUIT = 2;

INSERT INTO OFFRE VALUES ( TIMESTAMP '2021-10-18 10:30:00', 3, 5, 2, 0);
UPDATE PRODUIT SET PRIXCOURANT = 5 WHERE IDPRODUIT = 3;
INSERT INTO OFFRE VALUES ( TIMESTAMP '2021-10-18 10:40:00', 3, 7, 4, 0);
UPDATE PRODUIT SET PRIXCOURANT = 7 WHERE IDPRODUIT = 3;

INSERT INTO OFFRE VALUES ( TIMESTAMP '2021-10-14 14:30:00', 4, 35, 1, 0);
UPDATE PRODUIT SET PRIXCOURANT = 35 WHERE IDPRODUIT = 4;
INSERT INTO OFFRE VALUES ( TIMESTAMP '2021-10-14 14:40:00', 4, 40, 5, 0);
UPDATE PRODUIT SET PRIXCOURANT = 40 WHERE IDPRODUIT = 4;
INSERT INTO OFFRE VALUES ( TIMESTAMP '2021-10-14 14:41:00', 4, 42, 2, 0);
UPDATE PRODUIT SET PRIXCOURANT = 42 WHERE IDPRODUIT = 4;
INSERT INTO OFFRE VALUES ( TIMESTAMP '2021-10-14 14:45:00', 4, 44, 4, 0);
UPDATE PRODUIT SET PRIXCOURANT = 44 WHERE IDPRODUIT = 4;
INSERT INTO OFFRE VALUES ( TIMESTAMP '2021-10-14 14:47:00', 4, 46, 5, 1);
UPDATE PRODUIT SET PRIXCOURANT = 46 WHERE IDPRODUIT = 4;

INSERT INTO OFFRE VALUES ( TIMESTAMP '2021-10-21 14:30:00', 5, 70, 6, 0);
UPDATE PRODUIT SET PRIXCOURANT = 70 WHERE IDPRODUIT = 5;
INSERT INTO OFFRE VALUES ( TIMESTAMP '2021-10-21 14:40:00', 5, 80, 3, 0);
UPDATE PRODUIT SET PRIXCOURANT = 80 WHERE IDPRODUIT = 5;
INSERT INTO OFFRE VALUES ( TIMESTAMP '2021-10-21 14:41:00', 5, 90, 1, 0);
UPDATE PRODUIT SET PRIXCOURANT = 90 WHERE IDPRODUIT = 5;
INSERT INTO OFFRE VALUES ( TIMESTAMP '2021-10-21 14:45:00', 5, 100, 3, 0);
UPDATE PRODUIT SET PRIXCOURANT = 100 WHERE IDPRODUIT = 5;
INSERT INTO OFFRE VALUES ( TIMESTAMP '2021-10-21 14:47:00', 5, 110, 2, 1);
UPDATE PRODUIT SET PRIXCOURANT = 110 WHERE IDPRODUIT = 5;

INSERT INTO OFFRE VALUES ( TIMESTAMP '2021-10-22 14:40:00', 6, 10, 2, 0);
UPDATE PRODUIT SET PRIXCOURANT = 10 WHERE IDPRODUIT = 6;
INSERT INTO OFFRE VALUES ( TIMESTAMP '2021-10-22 14:41:00', 6, 20, 5, 0);
UPDATE PRODUIT SET PRIXCOURANT = 20 WHERE IDPRODUIT = 6;
INSERT INTO OFFRE VALUES ( TIMESTAMP '2021-10-22 14:42:00', 6, 21, 6, 0);
UPDATE PRODUIT SET PRIXCOURANT = 21 WHERE IDPRODUIT = 6;
INSERT INTO OFFRE VALUES ( TIMESTAMP '2021-10-22 14:45:00', 6, 22, 5, 0);
UPDATE PRODUIT SET PRIXCOURANT = 22 WHERE IDPRODUIT = 6;

INSERT INTO OFFRE VALUES ( TIMESTAMP '2021-10-24 14:40:00', 11, 30, 4, 0);
UPDATE PRODUIT SET PRIXCOURANT = 30 WHERE IDPRODUIT = 11;
INSERT INTO OFFRE VALUES ( TIMESTAMP '2021-10-24 14:41:00', 11, 32, 3, 0);
UPDATE PRODUIT SET PRIXCOURANT = 32 WHERE IDPRODUIT = 11;
INSERT INTO OFFRE VALUES ( TIMESTAMP '2021-10-24 14:42:00', 11, 35, 2, 0);
UPDATE PRODUIT SET PRIXCOURANT = 35 WHERE IDPRODUIT = 11;

INSERT INTO OFFRE VALUES ( TIMESTAMP '2021-10-25 14:05:00', 12, 15, 6, 0);
UPDATE PRODUIT SET PRIXCOURANT = 15 WHERE IDPRODUIT = 12;
INSERT INTO OFFRE VALUES ( TIMESTAMP '2021-10-25 14:06:00', 12, 20, 1, 0);
UPDATE PRODUIT SET PRIXCOURANT = 20 WHERE IDPRODUIT = 12;
